{
    "battery": 5.809613534845111,
    "can_alum1": 0.7254393845161587,
    "can_alum2": 1.404634018910722,
    "can_steel1": 1.4597943946893572,
    "can_steel2": 0.6749127101118505,
    "can_steel3": 14.618998673740053,
    "fluorescent_lamp": 7.910384297965481,
    "glass_brown": 1.1308954641988735,
    "glass_clear": 1.10984441351118,
    "glass_green": 1.1329179300066807,
    "paper1": 0.7732952861344619,
    "paper2": 1.2565089769165003,
    "pet_clear1": 0.7975114677239643,
    "pet_clear2": 0.7649689872045109,
    "pet_clear3": 0.7868218506800008,
    "pet_color1": 0.7001823072989617,
    "pet_color2": 0.7096601297932065,
    "pet_color3": 2.4601551166164493,
    "plastic_pe1": 0.6444182011905928,
    "plastic_pe2": 1.0414960008692735,
    "plastic_pp1": 0.7561425682941093,
    "plastic_pp2": 0.6641516084522827,
    "plastic_pp3": 0.990601942969094,
    "plastic_ps1": 0.6315164536112007,
    "plastic_ps2": 0.6506787049854342,
    "plastic_ps3": 1.3999777735441672,
    "styrofoam1": 0.734268261406822,
    "styrofoam2": 8.932878155516836,
    "vinyl": 1.1299709119799075
}