epoch,accuracy,loss,lr,val_accuracy,val_loss
0,0.3293103575706482,2.5897090435028076,1e-05,0.37931033968925476,2.233644485473633
1,0.33586207032203674,2.425692319869995,1e-05,0.3758620619773865,2.178550958633423
2,0.35517242550849915,2.269634485244751,1e-05,0.38620689511299133,2.1297850608825684
