epoch,accuracy,loss,lr,val_accuracy,val_loss
0,0.20999999344348907,3.810497283935547,0.001,0.35517242550849915,2.24727201461792
1,0.3182758688926697,2.6739342212677,0.001,0.35517242550849915,2.139904022216797
